experiment,checkpoint,pred_conf,nms_iou,match_iou_threshold,total_predictions,total_gt,total_matches,correct_matches,wrong_class_matches,unmatched_predictions,unmatched_gt,mean_iou_matched,matched_accuracy,matched_f1_macro,matched_f1_micro,class_aware_precision,class_aware_recall,class_aware_f1,localization_precision,localization_recall,localization_f1,tp,fp,fn
baseline/epoch0,epoch0,0.25,0.7,0.5,762,760,502,390,112,260,258,0.7689858930281909,0.7768924302788844,0.6181490684742955,0.7768924302788844,0.5118110236220472,0.5131578947368421,0.5124835742444154,0.6587926509186351,0.6605263157894737,0.6596583442838371,390,372,370
baseline/epoch1,epoch1,0.25,0.7,0.5,910,760,556,470,86,354,204,0.7678872985805539,0.8453237410071942,0.6380844041652536,0.8453237410071942,0.5164835164835165,0.618421052631579,0.562874251497006,0.610989010989011,0.7315789473684211,0.665868263473054,470,440,290
baseline/epoch2,epoch2,0.25,0.7,0.5,676,760,507,422,85,169,253,0.7726519595706721,0.8323471400394478,0.5823114549387405,0.8323471400394478,0.6242603550295858,0.5552631578947368,0.5877437325905291,0.75,0.6671052631578948,0.7061281337047353,422,254,338
baseline/epoch3,epoch3,0.25,0.7,0.5,727,760,531,465,66,196,229,0.7698501475337759,0.8757062146892656,0.7512568551047336,0.8757062146892656,0.6396148555708391,0.6118421052631579,0.6254203093476799,0.7303988995873453,0.6986842105263158,0.7141896435776732,465,262,295
baseline/epoch4,epoch4,0.25,0.7,0.5,794,760,559,488,71,235,201,0.7641020241278442,0.8729874776386404,0.6887608536425287,0.8729874776386404,0.6146095717884131,0.6421052631578947,0.6280566280566281,0.7040302267002518,0.7355263157894737,0.7194337194337194,488,306,272
baseline/epoch5,epoch5,0.25,0.7,0.5,783,760,559,485,74,224,201,0.7754224981306277,0.8676207513416816,0.7084055779507613,0.8676207513416816,0.6194125159642401,0.6381578947368421,0.6286454957874271,0.7139208173690932,0.7355263157894737,0.7245625405055087,485,298,275
baseline/epoch6,epoch6,0.25,0.7,0.5,789,760,539,480,59,250,221,0.7778853363805003,0.8905380333951762,0.7845753397612172,0.8905380333951762,0.6083650190114068,0.631578947368421,0.6197546804389928,0.6831432192648923,0.7092105263157895,0.6959328599096192,480,309,280
baseline/epoch7,epoch7,0.25,0.7,0.5,655,760,530,466,64,125,230,0.7754616781225744,0.879245283018868,0.7841745609185833,0.879245283018868,0.7114503816793893,0.6131578947368421,0.6586572438162545,0.8091603053435115,0.6973684210526315,0.7491166077738515,466,189,294
baseline/epoch8,epoch8,0.25,0.7,0.5,753,760,539,481,58,214,221,0.7740403231309385,0.8923933209647495,0.8301556646696359,0.8923933209647495,0.6387782204515272,0.6328947368421053,0.635822868473232,0.7158034528552457,0.7092105263157895,0.7124917382683411,481,272,279
baseline/epoch9,epoch9,0.25,0.7,0.5,807,760,573,514,59,234,187,0.7769594241395255,0.8970331588132635,0.7783673542863891,0.8970331588132635,0.6369268897149938,0.6763157894736842,0.6560306317804722,0.7100371747211895,0.7539473684210526,0.7313337587747286,514,293,246
baseline/epoch10,epoch10,0.25,0.7,0.5,820,760,562,506,56,258,198,0.7727663848960102,0.900355871886121,0.8016340220978619,0.900355871886121,0.6170731707317073,0.6657894736842105,0.640506329113924,0.6853658536585366,0.7394736842105263,0.711392405063291,506,314,254
baseline/epoch11,epoch11,0.25,0.7,0.5,792,760,576,508,68,216,184,0.7772011474395791,0.8819444444444444,0.7910538441708901,0.8819444444444444,0.6414141414141414,0.6684210526315789,0.654639175257732,0.7272727272727273,0.7578947368421053,0.7422680412371135,508,284,252
baseline/epoch12,epoch12,0.25,0.7,0.5,769,760,577,509,68,192,183,0.7727666064399574,0.8821490467937608,0.779204876907155,0.8821490467937608,0.6618985695708712,0.6697368421052632,0.6657946370176586,0.7503250975292588,0.7592105263157894,0.7547416612164813,509,260,251
baseline/epoch13,epoch13,0.25,0.7,0.5,789,760,570,504,66,219,190,0.7744139770666758,0.8842105263157894,0.8096339823235558,0.8842105263157894,0.6387832699619772,0.6631578947368421,0.6507424144609425,0.7224334600760456,0.75,0.7359586830213041,504,285,256
baseline/epoch14,epoch14,0.25,0.7,0.5,691,760,525,463,62,166,235,0.7859299770991007,0.8819047619047619,0.7711204399273334,0.8819047619047619,0.6700434153400868,0.6092105263157894,0.6381805651274983,0.7597684515195369,0.6907894736842105,0.7236388697450035,463,228,297
baseline/epoch15,epoch15,0.25,0.7,0.5,697,760,553,503,50,144,207,0.7819935183628558,0.9095840867992767,0.8478711534426971,0.9095840867992767,0.7216642754662841,0.6618421052631579,0.6904598490048044,0.793400286944046,0.7276315789473684,0.7590940288263556,503,194,257
baseline/epoch16,epoch16,0.25,0.7,0.5,763,760,576,504,72,187,184,0.7802647050056193,0.875,0.8037304162740915,0.875,0.6605504587155964,0.6631578947368421,0.6618516086671045,0.7549148099606815,0.7578947368421053,0.7564018384766906,504,259,256
baseline/epoch17,epoch17,0.25,0.7,0.5,716,760,541,485,56,175,219,0.7739870790633168,0.8964879852125693,0.8194986328773028,0.8964879852125693,0.6773743016759777,0.6381578947368421,0.6571815718157181,0.755586592178771,0.7118421052631579,0.7330623306233063,485,231,275
baseline/epoch18,epoch18,0.25,0.7,0.5,730,760,561,506,55,169,199,0.7807283294179648,0.9019607843137255,0.8404284535558176,0.9019607843137255,0.6931506849315069,0.6657894736842105,0.6791946308724831,0.7684931506849315,0.7381578947368421,0.753020134228188,506,224,254
baseline/epoch19,epoch19,0.25,0.7,0.5,712,760,551,479,72,161,209,0.7856271490860331,0.8693284936479129,0.8132416389777158,0.8693284936479129,0.672752808988764,0.6302631578947369,0.6508152173913043,0.773876404494382,0.725,0.748641304347826,479,233,281
baseline/epoch20,epoch20,0.25,0.7,0.5,737,760,555,506,49,182,205,0.7854179775392687,0.9117117117117117,0.8394866385372715,0.9117117117117117,0.6865671641791045,0.6657894736842105,0.6760187040748162,0.7530529172320217,0.7302631578947368,0.7414829659318638,506,231,254
baseline/epoch21,epoch21,0.25,0.7,0.5,703,760,548,495,53,155,212,0.7856103251450253,0.9032846715328468,0.8212273181197751,0.9032846715328468,0.7041251778093883,0.6513157894736842,0.6766917293233082,0.7795163584637269,0.7210526315789474,0.7491455912508543,495,208,265
baseline/epoch22,epoch22,0.25,0.7,0.5,804,760,584,531,53,220,176,0.7801634976512766,0.9092465753424658,0.8239204603064073,0.9092465753424658,0.6604477611940298,0.6986842105263158,0.6790281329923273,0.7263681592039801,0.7684210526315789,0.7468030690537084,531,273,229
baseline/epoch23,epoch23,0.25,0.7,0.5,709,760,553,501,52,156,207,0.7798482758442704,0.9059674502712477,0.843422808568339,0.9059674502712477,0.7066290550070522,0.6592105263157895,0.6820966643975493,0.7799717912552891,0.7276315789473684,0.7528931245745406,501,208,259
baseline/epoch24,epoch24,0.25,0.7,0.5,747,760,577,526,51,170,183,0.7760763036109752,0.9116117850953206,0.8458488127505048,0.9116117850953206,0.7041499330655957,0.6921052631578948,0.6980756469807565,0.7724230254350736,0.7592105263157894,0.7657597876575979,526,221,234
baseline/epoch25,epoch25,0.25,0.7,0.5,778,760,566,513,53,212,194,0.7819678943485758,0.9063604240282686,0.8498043213246658,0.9063604240282686,0.6593830334190232,0.675,0.6671001300390118,0.7275064267352185,0.7447368421052631,0.7360208062418726,513,265,247
baseline/epoch26,epoch26,0.25,0.7,0.5,771,760,560,501,59,211,200,0.7811241087104593,0.8946428571428572,0.8252968578735843,0.8946428571428572,0.6498054474708171,0.6592105263157895,0.6544741998693665,0.7263294422827496,0.7368421052631579,0.7315480078380143,501,270,259
baseline/epoch27,epoch27,0.25,0.7,0.5,773,760,577,528,49,196,183,0.7881704637041538,0.9150779896013865,0.8269961133178925,0.9150779896013865,0.6830530401034929,0.6947368421052632,0.6888454011741683,0.7464424320827943,0.7592105263157894,0.7527723418134378,528,245,232
baseline/epoch28,epoch28,0.25,0.7,0.5,740,760,570,510,60,170,190,0.7820809257657905,0.8947368421052632,0.8038559275596591,0.8947368421052632,0.6891891891891891,0.6710526315789473,0.68,0.7702702702702703,0.75,0.7600000000000001,510,230,250
baseline/epoch29,epoch29,0.25,0.7,0.5,768,760,571,519,52,197,189,0.7851447203113402,0.9089316987740805,0.8335192906357083,0.9089316987740805,0.67578125,0.6828947368421052,0.6793193717277487,0.7434895833333334,0.7513157894736842,0.7473821989528795,519,249,241
baseline/epoch30,epoch30,0.25,0.7,0.5,778,760,587,530,57,191,173,0.7800862154521975,0.9028960817717206,0.8249809619041286,0.9028960817717206,0.6812339331619537,0.6973684210526315,0.6892067620286086,0.7544987146529563,0.7723684210526316,0.7633289986996099,530,248,230
baseline/best,best,0.25,0.7,0.5,747,760,577,526,51,170,183,0.7760763036109752,0.9116117850953206,0.8458488127505048,0.9116117850953206,0.7041499330655957,0.6921052631578948,0.6980756469807565,0.7724230254350736,0.7592105263157894,0.7657597876575979,526,221,234
baseline/last,last,0.25,0.7,0.5,778,760,587,530,57,191,173,0.7800862154521975,0.9028960817717206,0.8249809619041286,0.9028960817717206,0.6812339331619537,0.6973684210526315,0.6892067620286086,0.7544987146529563,0.7723684210526316,0.7633289986996099,530,248,230
enhanced/epoch0,epoch0,0.25,0.7,0.5,616,760,435,352,83,181,325,0.7773063766545263,0.8091954022988506,0.581525194766949,0.8091954022988506,0.5714285714285714,0.4631578947368421,0.5116279069767442,0.7061688311688312,0.5723684210526315,0.632267441860465,352,264,408
enhanced/epoch1,epoch1,0.25,0.7,0.5,1176,760,580,471,109,596,180,0.7622647652338291,0.8120689655172414,0.592544767225176,0.8120689655172414,0.4005102040816326,0.6197368421052631,0.48657024793388426,0.4931972789115646,0.7631578947368421,0.5991735537190082,471,705,289
enhanced/epoch2,epoch2,0.25,0.7,0.5,734,760,524,445,79,210,236,0.7707675211984693,0.8492366412213741,0.6879198148594701,0.8492366412213741,0.6062670299727521,0.5855263157894737,0.5957161981258368,0.7138964577656676,0.6894736842105263,0.7014725568942437,445,289,315
enhanced/epoch3,epoch3,0.25,0.7,0.5,718,760,512,454,58,206,248,0.7727727501187474,0.88671875,0.7665645834070823,0.88671875,0.6323119777158774,0.5973684210526315,0.6143437077131257,0.713091922005571,0.6736842105263158,0.692828146143437,454,264,306
enhanced/epoch4,epoch4,0.25,0.7,0.5,893,760,564,506,58,329,196,0.7710082975896537,0.8971631205673759,0.769215398510228,0.8971631205673759,0.5666293393057111,0.6657894736842105,0.6122202056866304,0.631578947368421,0.7421052631578947,0.6823956442831215,506,387,254
enhanced/epoch5,epoch5,0.25,0.7,0.5,782,760,565,497,68,217,195,0.7721388439161587,0.879646017699115,0.7705877976087636,0.879646017699115,0.6355498721227621,0.6539473684210526,0.6446173800259403,0.7225063938618926,0.743421052631579,0.7328145265888457,497,285,263
enhanced/epoch6,epoch6,0.25,0.7,0.5,820,760,549,495,54,271,211,0.7742825414313644,0.9016393442622951,0.8091283373135039,0.9016393442622951,0.6036585365853658,0.6513157894736842,0.6265822784810127,0.6695121951219513,0.7223684210526315,0.6949367088607594,495,325,265
enhanced/epoch7,epoch7,0.25,0.7,0.5,702,760,536,482,54,166,224,0.7759257788533596,0.8992537313432836,0.7896783900801487,0.8992537313432836,0.6866096866096866,0.6342105263157894,0.6593707250341997,0.7635327635327636,0.7052631578947368,0.7332421340629275,482,220,278
enhanced/epoch8,epoch8,0.25,0.7,0.5,772,760,560,489,71,212,200,0.7739059132124696,0.8732142857142857,0.759365520411545,0.8732142857142857,0.633419689119171,0.6434210526315789,0.6383812010443864,0.7253886010362695,0.7368421052631579,0.7310704960835509,489,283,271
enhanced/epoch9,epoch9,0.25,0.7,0.5,893,760,586,523,63,307,174,0.7713435038975074,0.8924914675767918,0.8350505006048411,0.8924914675767918,0.5856662933930571,0.6881578947368421,0.632788868723533,0.6562150055991042,0.7710526315789473,0.7090139140955838,523,370,237
enhanced/epoch10,epoch10,0.25,0.7,0.5,808,760,568,511,57,240,192,0.7692766948275163,0.8996478873239436,0.8001916395741697,0.8996478873239436,0.6324257425742574,0.6723684210526316,0.6517857142857143,0.7029702970297029,0.7473684210526316,0.7244897959183674,511,297,249
enhanced/epoch11,epoch11,0.25,0.7,0.5,805,760,570,522,48,235,190,0.7756181800574588,0.9157894736842105,0.8139163359524006,0.9157894736842105,0.6484472049689441,0.6868421052631579,0.6670926517571885,0.7080745341614907,0.75,0.7284345047923322,522,283,238
enhanced/epoch12,epoch12,0.25,0.7,0.5,808,760,577,518,59,231,183,0.7778925683923983,0.8977469670710572,0.8415024483576201,0.8977469670710572,0.6410891089108911,0.6815789473684211,0.6607142857142858,0.7141089108910891,0.7592105263157894,0.735969387755102,518,290,242
enhanced/epoch13,epoch13,0.25,0.7,0.5,783,760,584,529,55,199,176,0.7651114040245749,0.9058219178082192,0.8353151324814447,0.9058219178082192,0.6756066411238825,0.6960526315789474,0.6856772521062864,0.7458492975734355,0.7684210526315789,0.7569669475048607,529,254,231
enhanced/epoch14,epoch14,0.25,0.7,0.5,741,760,561,498,63,180,199,0.7771759713184813,0.8877005347593583,0.7951745593039633,0.8877005347593583,0.6720647773279352,0.6552631578947369,0.6635576282478348,0.757085020242915,0.7381578947368421,0.7475016655562959,498,243,262
enhanced/epoch15,epoch15,0.25,0.7,0.5,691,760,548,503,45,143,212,0.7775930500161039,0.9178832116788321,0.8312166568583472,0.9178832116788321,0.7279305354558611,0.6618421052631579,0.693314955203308,0.7930535455861071,0.7210526315789474,0.7553411440385941,503,188,257
enhanced/epoch16,epoch16,0.25,0.7,0.5,787,760,573,504,69,214,187,0.7755694896970952,0.8795811518324608,0.824157356474035,0.8795811518324608,0.6404066073697586,0.6631578947368421,0.6515837104072398,0.7280813214739518,0.7539473684210526,0.7407886231415642,504,283,256
enhanced/epoch17,epoch17,0.25,0.7,0.5,766,760,565,504,61,201,195,0.7731487177114571,0.8920353982300885,0.807131609039689,0.8920353982300885,0.6579634464751958,0.6631578947368421,0.6605504587155963,0.737597911227154,0.743421052631579,0.7404980340760158,504,262,256
enhanced/epoch18,epoch18,0.25,0.7,0.5,767,760,560,513,47,207,200,0.7718204802700451,0.9160714285714285,0.8424037969316835,0.9160714285714285,0.6688396349413298,0.675,0.6719056974459726,0.7301173402868318,0.7368421052631579,0.7334643091028159,513,254,247
enhanced/epoch19,epoch19,0.25,0.7,0.5,781,760,578,510,68,203,182,0.7788347805041342,0.8823529411764706,0.8266958054863126,0.8823529411764706,0.6530089628681178,0.6710526315789473,0.661907852044127,0.7400768245838668,0.7605263157894737,0.7501622323166774,510,271,250
enhanced/epoch20,epoch20,0.25,0.7,0.5,781,760,567,512,55,214,193,0.7799894725624636,0.9029982363315696,0.8153139614180535,0.9029982363315696,0.6555697823303457,0.6736842105263158,0.6645035691109669,0.7259923175416133,0.7460526315789474,0.7358857884490592,512,269,248
enhanced/epoch21,epoch21,0.25,0.7,0.5,642,760,533,481,52,109,227,0.7809921963800857,0.9024390243902439,0.8430452493611524,0.9024390243902439,0.7492211838006231,0.6328947368421053,0.6861626248216832,0.8302180685358256,0.7013157894736842,0.7603423680456491,481,161,279
enhanced/epoch22,epoch22,0.25,0.7,0.5,794,760,583,536,47,211,177,0.7806393638074296,0.9193825042881647,0.8563033342723453,0.9193825042881647,0.6750629722921915,0.7052631578947368,0.6898326898326899,0.7342569269521411,0.7671052631578947,0.7503217503217503,536,258,224
enhanced/epoch23,epoch23,0.25,0.7,0.5,746,760,555,507,48,191,205,0.7803682256389308,0.9135135135135135,0.8546028897346337,0.9135135135135135,0.6796246648793566,0.6671052631578948,0.6733067729083666,0.7439678284182306,0.7302631578947368,0.7370517928286853,507,239,253
enhanced/epoch24,epoch24,0.25,0.7,0.5,739,760,567,510,57,172,193,0.780032480099424,0.8994708994708994,0.8273314256007878,0.8994708994708994,0.6901217861975643,0.6710526315789473,0.6804536357571714,0.7672530446549392,0.7460526315789474,0.7565043362241495,510,229,250
enhanced/epoch25,epoch25,0.25,0.7,0.5,729,760,560,513,47,169,200,0.7797991388610431,0.9160714285714285,0.841022789051289,0.9160714285714285,0.7037037037037037,0.675,0.6890530557421088,0.7681755829903978,0.7368421052631579,0.7521826729348556,513,216,247
enhanced/epoch26,epoch26,0.25,0.7,0.5,825,760,580,531,49,245,180,0.7806974347295432,0.9155172413793103,0.8421343015159649,0.9155172413793103,0.6436363636363637,0.6986842105263158,0.670031545741325,0.703030303030303,0.7631578947368421,0.7318611987381703,531,294,229
enhanced/epoch27,epoch27,0.25,0.7,0.5,791,760,578,531,47,213,182,0.781445798370665,0.9186851211072664,0.8233032501124606,0.9186851211072664,0.6713021491782554,0.6986842105263158,0.6847195357833655,0.7307206068268015,0.7605263157894737,0.7453255963894261,531,260,229
enhanced/epoch28,epoch28,0.25,0.7,0.5,786,760,577,524,53,209,183,0.7776992488361933,0.9081455805892548,0.8383945814909358,0.9081455805892548,0.6666666666666666,0.6894736842105263,0.6778783958602845,0.7340966921119593,0.7592105263157894,0.7464424320827943,524,262,236
enhanced/epoch29,epoch29,0.25,0.7,0.5,772,760,570,522,48,202,190,0.7821018999083,0.9157894736842105,0.8613617773085465,0.9157894736842105,0.6761658031088082,0.6868421052631579,0.6814621409921671,0.7383419689119171,0.75,0.7441253263707571,522,250,238
enhanced/epoch30,epoch30,0.25,0.7,0.5,732,760,566,514,52,166,194,0.7836325424509419,0.9081272084805654,0.828930431243287,0.9081272084805654,0.7021857923497268,0.6763157894736842,0.6890080428954424,0.773224043715847,0.7447368421052631,0.7587131367292225,514,218,246
enhanced/epoch31,epoch31,0.25,0.7,0.5,765,760,574,526,48,191,186,0.7793697305672675,0.9163763066202091,0.8350077417694406,0.9163763066202091,0.6875816993464052,0.6921052631578948,0.6898360655737705,0.7503267973856209,0.7552631578947369,0.7527868852459018,526,239,234
enhanced/epoch32,epoch32,0.25,0.7,0.5,712,760,555,504,51,157,205,0.7841139300449474,0.9081081081081082,0.8595088707532172,0.9081081081081082,0.7078651685393258,0.6631578947368421,0.6847826086956521,0.7794943820224719,0.7302631578947368,0.7540760869565217,504,208,256
enhanced/epoch33,epoch33,0.25,0.7,0.5,748,760,563,513,50,185,197,0.783340903412597,0.911190053285968,0.8319894120192294,0.911190053285968,0.6858288770053476,0.675,0.6803713527851459,0.7526737967914439,0.7407894736842106,0.746684350132626,513,235,247
enhanced/epoch34,epoch34,0.25,0.7,0.5,780,760,576,526,50,204,184,0.7818975498278936,0.9131944444444444,0.842155413615987,0.9131944444444444,0.6743589743589744,0.6921052631578948,0.6831168831168832,0.7384615384615385,0.7578947368421053,0.7480519480519481,526,254,234
enhanced/epoch35,epoch35,0.25,0.7,0.5,789,760,576,527,49,213,184,0.778874083318644,0.9149305555555556,0.8488195876014084,0.9149305555555556,0.6679340937896071,0.6934210526315789,0.6804389928986444,0.7300380228136882,0.7578947368421053,0.7437056165267915,527,262,233
enhanced/epoch36,epoch36,0.25,0.7,0.5,783,760,585,529,56,198,175,0.782082514375703,0.9042735042735043,0.8455476531683168,0.9042735042735043,0.6756066411238825,0.6960526315789474,0.6856772521062864,0.7471264367816092,0.7697368421052632,0.7582631237848347,529,254,231
enhanced/epoch37,epoch37,0.25,0.7,0.5,766,760,589,535,54,177,171,0.7828226067214344,0.9083191850594228,0.8381199983800323,0.9083191850594228,0.6984334203655352,0.7039473684210527,0.7011795543905635,0.7689295039164491,0.775,0.7719528178243775,535,231,225
enhanced/epoch38,epoch38,0.25,0.7,0.5,746,760,573,527,46,173,187,0.780874213831171,0.9197207678883071,0.8624476428759809,0.9197207678883071,0.7064343163538874,0.6934210526315789,0.699867197875166,0.7680965147453083,0.7539473684210526,0.7609561752988047,527,219,233
enhanced/epoch39,epoch39,0.25,0.7,0.5,791,760,580,529,51,211,180,0.7839508099802609,0.9120689655172414,0.8447755688132593,0.9120689655172414,0.6687737041719343,0.6960526315789474,0.68214055448098,0.7332490518331226,0.7631578947368421,0.7479045776918117,529,262,231
enhanced/epoch40,epoch40,0.25,0.7,0.5,805,760,594,541,53,211,166,0.7794196700006222,0.9107744107744108,0.8465309696085598,0.9107744107744108,0.6720496894409937,0.7118421052631579,0.691373801916933,0.737888198757764,0.781578947368421,0.7591054313099042,541,264,219
enhanced/epoch41,epoch41,0.25,0.7,0.5,788,760,574,524,50,214,186,0.7830396717226048,0.9128919860627178,0.8580321476176436,0.9128919860627178,0.6649746192893401,0.6894736842105263,0.6770025839793282,0.7284263959390863,0.7552631578947369,0.7416020671834624,524,264,236
enhanced/epoch42,epoch42,0.25,0.7,0.5,792,760,590,538,52,202,170,0.7803696860701351,0.911864406779661,0.821667734347804,0.911864406779661,0.6792929292929293,0.7078947368421052,0.6932989690721649,0.7449494949494949,0.7763157894736842,0.7603092783505155,538,254,222
enhanced/epoch43,epoch43,0.25,0.7,0.5,791,760,583,531,52,208,177,0.7838108490507149,0.9108061749571184,0.8394651253558534,0.9108061749571184,0.6713021491782554,0.6986842105263158,0.6847195357833655,0.7370417193426043,0.7671052631578947,0.75177304964539,531,260,229
enhanced/epoch44,epoch44,0.25,0.7,0.5,767,760,585,533,52,182,175,0.7837187956541013,0.9111111111111111,0.8305340270182819,0.9111111111111111,0.6949152542372882,0.7013157894736842,0.6981008513425017,0.7627118644067796,0.7697368421052632,0.7662082514734775,533,234,227
enhanced/epoch45,epoch45,0.25,0.7,0.5,789,760,576,522,54,213,184,0.7866552226866285,0.90625,0.8369295362710268,0.90625,0.6615969581749049,0.6868421052631579,0.6739832149774049,0.7300380228136882,0.7578947368421053,0.7437056165267915,522,267,238
enhanced/best,best,0.25,0.7,0.5,781,760,567,512,55,214,193,0.7799894725624636,0.9029982363315696,0.8153139614180535,0.9029982363315696,0.6555697823303457,0.6736842105263158,0.6645035691109669,0.7259923175416133,0.7460526315789474,0.7358857884490592,512,269,248
enhanced/last,last,0.25,0.7,0.5,789,760,576,522,54,213,184,0.7866552226866285,0.90625,0.8369295362710268,0.90625,0.6615969581749049,0.6868421052631579,0.6739832149774049,0.7300380228136882,0.7578947368421053,0.7437056165267915,522,267,238
