image,n_gt,d_matched,d_iou,d_f1,y_matched,y_iou,y_f1
220105_A095_1.jpg,15,10,0.7082648277282715,0.4864864864864865,11,0.7235499620437622,0.6285714285714286
220105_A095_3.jpg,15,8,0.6394762396812439,0.3333333333333333,8,0.6578305959701538,0.5925925925925926
220105_A095_4.jpg,16,10,0.6857913732528687,0.4210526315789474,11,0.7117218375205994,0.6470588235294118
220106_A207_1.jpg,24,17,0.6769405603408813,0.5,16,0.7827324867248535,0.5714285714285714
220106_A207_3.jpg,28,13,0.6397256851196289,0.41269841269841273,16,0.7295376658439636,0.509090909090909
220106_A226_2.jpg,28,16,0.6165539026260376,0.36363636363636365,13,0.7794488668441772,0.5581395348837209
220106_A226_4.jpg,17,11,0.6403895020484924,0.5789473684210527,13,0.8290873765945435,0.6451612903225806
220106_A227_1.jpg,18,7,0.6120259165763855,0.3888888888888889,9,0.7424612045288086,0.5806451612903226
220106_A227_2.jpg,18,8,0.6557228565216064,0.3902439024390244,9,0.7012917995452881,0.6
220106_A227_3.jpg,16,12,0.6621477603912354,0.5641025641025642,11,0.6952043771743774,0.7586206896551724
220106_A230_2.jpg,14,14,0.713573157787323,0.6666666666666666,11,0.8265022039413452,0.6666666666666666
220110_A359_1.jpg,14,9,0.6597779393196106,0.5333333333333333,6,0.6795029640197754,0.4761904761904762
220110_A359_3.jpg,15,7,0.7143410444259644,0.26315789473684204,6,0.7917437553405762,0.33333333333333337
220110_A366_3.jpg,18,5,0.662673830986023,0.14285714285714285,5,0.6535732746124268,0.27586206896551724
220112_A440_1.jpg,13,11,0.6774746775627136,0.8148148148148148,12,0.7702931761741638,0.7142857142857142
220112_A440_4.jpg,11,9,0.6775757074356079,0.5384615384615385,8,0.7828700542449951,0.30769230769230765
220112_A444_3.jpg,15,12,0.6641032099723816,0.5882352941176471,13,0.7685146927833557,0.8387096774193549
220112_A445_4.jpg,14,13,0.6910984516143799,0.7741935483870968,12,0.7943930625915527,0.7333333333333334
220117_A622_1.jpg,19,11,0.6623757481575012,0.5128205128205129,19,0.7846723794937134,0.8292682926829269
220117_A622_3.jpg,14,12,0.6935824751853943,0.7272727272727273,13,0.8056789636611938,0.7857142857142857
220117_A630_1.jpg,18,14,0.7129833102226257,0.7567567567567567,15,0.8077899217605591,0.7777777777777778
220117_A630_2.jpg,12,12,0.7060890793800354,0.8799999999999999,11,0.797398030757904,0.8799999999999999
220117_A630_4.jpg,14,12,0.7080252170562744,0.888888888888889,14,0.8601571321487427,1.0
220119_A848_3.jpg,19,14,0.6978387832641602,0.45,16,0.749334454536438,0.631578947368421
220124_B159_3.jpg,18,13,0.6921128630638123,0.43478260869565216,12,0.7688848376274109,0.631578947368421
220124_B182_2.jpg,17,12,0.7111229300498962,0.5853658536585366,12,0.7275684475898743,0.7333333333333334
220124_B182_4.jpg,18,15,0.6826859712600708,0.4444444444444445,14,0.7724531888961792,0.7272727272727272
220124_B183_1.jpg,10,8,0.6540712714195251,0.6666666666666666,7,0.789642870426178,0.7
220124_B183_3.jpg,17,10,0.613311767578125,0.5142857142857143,12,0.7041289806365967,0.625
220124_B188_2.jpg,9,4,0.6705984473228455,0.2608695652173913,6,0.6350200772285461,0.5454545454545455
220124_B188_4.jpg,8,8,0.6638169884681702,0.8,7,0.6976146697998047,0.7777777777777777
220125_B274_4.jpg,20,14,0.6816850900650024,0.5909090909090908,16,0.7946246862411499,0.6842105263157895
220125_B275_4.jpg,15,12,0.6363103985786438,0.606060606060606,13,0.7334187626838684,0.5517241379310344
220125_B283_2.jpg,15,15,0.7050492167472839,0.9032258064516129,14,0.7642158269882202,0.8125
220125_B284_1.jpg,19,17,0.6467282176017761,0.7894736842105263,15,0.8084699511528015,0.7567567567567567
220125_B284_2.jpg,11,9,0.6768112182617188,0.64,10,0.763403058052063,0.9523809523809523
220125_B284_3.jpg,9,8,0.7057409286499023,0.6086956521739131,8,0.8410848379135132,0.8421052631578948
220125_B288_1.jpg,13,12,0.6561734080314636,0.7272727272727274,12,0.7425221800804138,0.9230769230769231
220125_B288_3.jpg,9,8,0.6547067165374756,0.4800000000000001,8,0.827079176902771,0.6666666666666666
220126_B359_4.jpg,20,14,0.6473926901817322,0.7368421052631577,17,0.8331593871116638,0.85
220126_B362_3.jpg,14,13,0.7014977931976318,0.5945945945945946,12,0.8361201882362366,0.588235294117647
220126_B362_4.jpg,14,11,0.6975579857826233,0.7333333333333334,12,0.8014844059944153,0.8275862068965518
220126_B363_4.jpg,13,12,0.7236003875732422,0.7586206896551724,11,0.8049848675727844,0.8148148148148148
220126_B366_3.jpg,13,12,0.6924696564674377,0.6857142857142856,13,0.8123553395271301,0.896551724137931
220127_B425_1.jpg,14,13,0.6880214214324951,0.8387096774193549,12,0.8087989687919617,0.75
220127_B425_3.jpg,15,13,0.6450421214103699,0.611111111111111,13,0.7975300550460815,0.8387096774193549
220127_B426_2.jpg,10,8,0.7066266536712646,0.41666666666666663,10,0.7982239127159119,0.7272727272727272
220127_B426_3.jpg,10,9,0.6843282580375671,0.7826086956521738,10,0.7973541617393494,0.9523809523809523
220127_B426_4.jpg,9,9,0.7626641988754272,0.6666666666666667,9,0.8117519617080688,0.8421052631578948
220127_B433_4.jpg,15,11,0.6819625496864319,0.6875,14,0.821865975856781,0.9032258064516129
220127_B438_1.jpg,12,11,0.7066249251365662,0.75,8,0.8291562795639038,0.7272727272727272
220127_B438_2.jpg,9,8,0.6561691164970398,0.8888888888888888,9,0.830420732498169,1.0
220127_B438_4.jpg,9,6,0.6743643879890442,0.5454545454545455,6,0.7849952578544617,0.5714285714285715
220128_B558_1.jpg,11,10,0.6616184115409851,0.8181818181818182,9,0.741182804107666,0.8571428571428572
220128_B558_4.jpg,19,15,0.658218264579773,0.6363636363636364,16,0.6799606084823608,0.5416666666666666
220128_B559_2.jpg,10,3,0.5352016687393188,0.11764705882352941,4,0.7049411535263062,0.4210526315789474
220128_B562_2.jpg,14,6,0.6954900622367859,0.1702127659574468,9,0.7517797946929932,0.5
220128_B562_3.jpg,17,6,0.6697244048118591,0.18867924528301885,10,0.7997096180915833,0.4666666666666667
220128_B562_4.jpg,19,17,0.6679432988166809,0.5555555555555555,18,0.7596344947814941,0.8421052631578947
220128_B567_3.jpg,13,10,0.6875267028808594,0.588235294117647,11,0.7828221917152405,0.8461538461538461
220128_B567_4.jpg,21,9,0.6481100916862488,0.3333333333333333,13,0.7105281352996826,0.6842105263157895
220128_B568_4.jpg,18,10,0.628929078578949,0.3404255319148936,13,0.7147188782691956,0.43243243243243246
220128_B571_1.jpg,21,15,0.6792235970497131,0.5106382978723405,20,0.8223347663879395,0.6666666666666666
220129_B612_2.jpg,22,14,0.6881076097488403,0.3448275862068966,10,0.7544276714324951,0.3636363636363636
220129_B612_3.jpg,17,12,0.620448648929596,0.4761904761904762,13,0.7666000127792358,0.7333333333333334
220129_B616_4.jpg,19,15,0.7480372190475464,0.5365853658536586,15,0.8623188138008118,0.5365853658536586
220207_A035_4.jpg,15,7,0.6490368247032166,0.26315789473684204,5,0.8342313766479492,0.4
220207_A036_1.jpg,13,10,0.6861699819564819,0.4375,11,0.8869913220405579,0.7407407407407408
220207_A037_3.jpg,10,7,0.62079918384552,0.48,8,0.8086053133010864,0.64
220207_A040_3.jpg,18,16,0.6843302249908447,0.8205128205128205,17,0.844333291053772,0.8205128205128205
220207_A049_3.jpg,8,7,0.6293249130249023,0.5555555555555556,7,0.7748256921768188,0.75
220303_A189_1.jpg,10,8,0.7373369336128235,0.5833333333333334,8,0.759687602519989,0.6956521739130435
220303_A189_4.jpg,13,10,0.7011271715164185,0.5806451612903226,10,0.8997346758842468,0.6428571428571429
220303_A201_4.jpg,16,12,0.7150891423225403,0.7741935483870969,15,0.9190185070037842,0.9375
220312_A505_4.jpg,11,9,0.7149493098258972,0.4666666666666667,11,0.8761112689971924,0.8333333333333333
220312_A512_3.jpg,15,14,0.691011369228363,0.6666666666666666,14,0.8723406195640564,0.7096774193548386
220312_A513_2.jpg,13,13,0.7097091674804688,0.962962962962963,13,0.8537352681159973,1.0
220312_A517_3.jpg,23,19,0.7080221176147461,0.7499999999999999,21,0.8169169425964355,0.8260869565217391
220312_A525_2.jpg,10,5,0.5917954444885254,0.27586206896551724,6,0.721294105052948,0.625
220316_A600_2.jpg,16,13,0.6708230972290039,0.5555555555555556,13,0.8964990377426147,0.7272727272727272
220316_A601_1.jpg,12,12,0.6251419186592102,0.6874999999999999,11,0.8513408303260803,0.9166666666666666
220316_A601_3.jpg,20,14,0.6432376503944397,0.5306122448979592,13,0.8152157664299011,0.6842105263157895
220316_A604_3.jpg,15,11,0.6777403354644775,0.35897435897435903,11,0.8607982993125916,0.6666666666666666
220316_A605_2.jpg,12,12,0.7142395973205566,0.5263157894736842,12,0.8581290245056152,0.6666666666666667
220316_A605_3.jpg,21,13,0.68587726354599,0.48000000000000004,14,0.8058004379272461,0.6153846153846153
220316_A605_4.jpg,15,8,0.6282614469528198,0.34285714285714286,12,0.778815507888794,0.7857142857142856
220316_A606_2.jpg,15,12,0.6682563424110413,0.6857142857142857,13,0.8327772617340088,0.7741935483870969
220316_A606_3.jpg,16,15,0.6686972379684448,0.8571428571428572,15,0.8072892427444458,0.967741935483871
220316_A606_4.jpg,24,19,0.6529453992843628,0.7450980392156864,20,0.8182743787765503,0.8085106382978724
220317_A697_2.jpg,16,12,0.6834562420845032,0.6666666666666665,12,0.7868931293487549,0.7333333333333334
220317_A709_3.jpg,5,4,0.6875246167182922,0.7272727272727272,5,0.9104698300361633,0.9090909090909091
220317_A711_3.jpg,8,5,0.6556825041770935,0.5263157894736842,7,0.7941997647285461,0.7999999999999999
220317_A717_1.jpg,10,9,0.6834018230438232,0.6428571428571429,10,0.7823177576065063,0.9090909090909091
220317_A722_1.jpg,10,8,0.6670010089874268,0.5384615384615384,7,0.8684583902359009,0.48
220317_A722_3.jpg,10,10,0.702568531036377,0.7142857142857143,10,0.8813125491142273,0.64
220323_A843_4.jpg,10,9,0.6662090420722961,0.8181818181818182,10,0.8430010080337524,0.9523809523809523
220324_A914_2.jpg,8,7,0.6959738731384277,0.7000000000000001,8,0.8039605617523193,0.888888888888889
220324_A919_1.jpg,12,8,0.6211400032043457,0.4117647058823529,8,0.6535160541534424,0.6086956521739131
220324_A920_4.jpg,8,6,0.6660673022270203,0.4166666666666667,5,0.7849198579788208,0.5263157894736842
220324_A923_1.jpg,15,9,0.6504462957382202,0.37500000000000006,12,0.7580284476280212,0.625
220324_A923_4.jpg,17,10,0.6480458974838257,0.45714285714285713,15,0.812183141708374,0.6111111111111113
220324_A924_1.jpg,12,8,0.6344828605651855,0.4444444444444445,10,0.766109049320221,0.5384615384615384
220324_A924_3.jpg,13,9,0.710404634475708,0.5806451612903226,11,0.7801808714866638,0.8799999999999999
220328_B093_1.jpg,11,8,0.6192810535430908,0.4848484848484849,4,0.8284375071525574,0.4705882352941177
220329_B131_3.jpg,9,7,0.708128809928894,0.5555555555555556,8,0.8147788047790527,0.7777777777777778
220329_B134_1.jpg,12,11,0.6866665482521057,0.7586206896551724,9,0.8309743404388428,0.5833333333333334
220329_B134_3.jpg,10,9,0.7433335185050964,0.7826086956521738,8,0.8055143356323242,0.6363636363636365
220329_B134_4.jpg,11,9,0.7430380582809448,0.6956521739130435,10,0.8664439916610718,0.7826086956521738
220329_B135_4.jpg,18,14,0.7039200663566589,0.7368421052631577,16,0.833577036857605,0.8333333333333334
220329_B137_2.jpg,15,8,0.6207137107849121,0.32558139534883723,5,0.7048613429069519,0.32
220329_B137_4.jpg,13,5,0.7066472768783569,0.2941176470588235,7,0.8072057366371155,0.6666666666666667
220330_B169_2.jpg,21,20,0.7043333053588867,0.8444444444444444,19,0.8224753141403198,0.9268292682926829
220330_B177_3.jpg,10,10,0.6700280904769897,0.7272727272727272,10,0.8445116877555847,0.8181818181818182
220609_A361_1.jpg,8,7,0.6213927268981934,0.7368421052631579,8,0.7658482193946838,1.0
220609_A361_2.jpg,11,9,0.6967995166778564,0.6956521739130435,10,0.8489344716072083,0.8333333333333333
220704_A107_4.jpg,13,9,0.7115229368209839,0.5333333333333333,12,0.8664469718933105,0.8275862068965517
220705_A231_3.jpg,13,11,0.6701793074607849,0.5999999999999999,11,0.8374037146568298,0.7692307692307693
220705_A231_4.jpg,16,13,0.6840099692344666,0.4864864864864864,16,0.8462696671485901,0.7999999999999999
220705_A240_1.jpg,12,9,0.6038134694099426,0.6206896551724139,10,0.7877963781356812,0.7692307692307692
220706_A365_2.jpg,11,10,0.710626482963562,0.7500000000000001,10,0.8613830804824829,0.5714285714285714
220706_A365_4.jpg,9,7,0.6686796545982361,0.6086956521739131,9,0.8292176723480225,0.7272727272727274
220706_A366_2.jpg,12,10,0.6817684769630432,0.6666666666666665,11,0.8534478545188904,0.8
220711_A557_2.jpg,10,7,0.6238959431648254,0.5384615384615384,6,0.8063950538635254,0.7058823529411764
220711_A567_3.jpg,10,10,0.6822500824928284,0.37037037037037035,9,0.9300200939178467,0.47619047619047616
220711_A571_1.jpg,6,6,0.6931560039520264,0.7058823529411764,6,0.8566705584526062,0.6666666666666667
220714_A868_1.jpg,19,16,0.700312614440918,0.6842105263157895,16,0.8877078294754028,0.8108108108108109
220714_A868_2.jpg,11,11,0.7033819556236267,0.846153846153846,11,0.8492067456245422,0.8148148148148148
220714_A868_4.jpg,18,17,0.712497889995575,0.6111111111111112,18,0.9038989543914795,0.6486486486486486
220718_A952_2.jpg,14,11,0.6648443937301636,0.6111111111111112,14,0.8245607614517212,0.8484848484848484
220720_B317_4.jpg,18,16,0.6679373383522034,0.8205128205128205,16,0.8890866637229919,0.8888888888888888
220725_B475_2.jpg,10,8,0.7245083451271057,0.6956521739130435,10,0.8779183626174927,0.8695652173913044
220725_B475_4.jpg,15,10,0.6809842586517334,0.6666666666666665,14,0.8913895487785339,0.8387096774193549
220727_B658_4.jpg,8,8,0.7012821435928345,0.7272727272727273,8,0.8860483169555664,0.7272727272727273
220727_B661_2.jpg,14,12,0.6780230402946472,0.7096774193548386,14,0.825625479221344,0.9333333333333333
220727_B666_4.jpg,7,6,0.6680262684822083,0.5,6,0.8355526328086853,0.8571428571428571
220803_A317_1.jpg,9,6,0.6740303635597229,0.5454545454545455,7,0.885929524898529,0.7000000000000001
220803_A317_3.jpg,13,11,0.6482422351837158,0.7142857142857142,13,0.8319559097290039,0.9285714285714286
220803_A317_4.jpg,9,6,0.6466929912567139,0.5263157894736842,8,0.8311726450920105,0.6666666666666666
220804_A392_1.jpg,9,8,0.6455062627792358,0.6363636363636364,9,0.8430320024490356,0.7000000000000001
220809_A798_2.jpg,15,13,0.6951465606689453,0.5142857142857143,14,0.8587361574172974,0.625
220809_A798_3.jpg,10,7,0.6189708709716797,0.6666666666666666,10,0.8214244842529297,0.8695652173913044
220809_A804_1.jpg,13,8,0.6596077084541321,0.7272727272727274,12,0.8272895812988281,0.8148148148148148
220809_A804_3.jpg,8,5,0.7656642198562622,0.6666666666666666,7,0.8223785758018494,0.7777777777777777
220809_A804_4.jpg,12,11,0.6520929932594299,0.8148148148148148,11,0.8787053823471069,0.9166666666666666
220822_B653_2.jpg,12,10,0.6911338567733765,0.5294117647058824,10,0.8645992279052734,0.7692307692307692
220825_B973_2.jpg,12,8,0.7200032472610474,0.4375,10,0.8588334918022156,0.6451612903225806
220825_B978_2.jpg,14,11,0.7318181395530701,0.7333333333333334,13,0.8991280198097229,0.9285714285714286
220829_C035_1.jpg,11,10,0.6987732648849487,0.8695652173913043,11,0.8543644547462463,0.9565217391304348
220829_C040_4.jpg,6,5,0.6846302151679993,0.45454545454545453,5,0.8690418004989624,0.5
220829_C043_2.jpg,10,8,0.6677631139755249,0.4666666666666667,8,0.8640085458755493,0.48
220829_C043_3.jpg,21,12,0.6768572926521301,0.6666666666666666,18,0.8496204614639282,0.9
220829_C043_4.jpg,17,14,0.6709275841712952,0.5945945945945946,15,0.8547836542129517,0.8333333333333333
220830_C114_3.jpg,9,7,0.7383063435554504,0.823529411764706,8,0.9240984320640564,0.8888888888888888
220831_B796_2.jpg,13,11,0.6508703827857971,0.33333333333333337,11,0.8555616140365601,0.45161290322580644
220907_A266_4.jpg,8,8,0.6319249868392944,0.608695652173913,8,0.8374918699264526,0.888888888888889
220908_A357_1.jpg,20,15,0.6595399379730225,0.6818181818181818,18,0.8495933413505554,0.7555555555555556
220908_A362_3.jpg,15,13,0.6611652970314026,0.8387096774193549,15,0.9077791571617126,0.967741935483871
220908_A362_4.jpg,13,11,0.6392961144447327,0.6896551724137931,12,0.8709327578544617,0.625
220908_A366_2.jpg,8,7,0.66529780626297,0.5,8,0.8339285254478455,0.6666666666666665
220913_A568_1.jpg,9,7,0.6751736998558044,0.6363636363636364,9,0.8271419405937195,0.8181818181818181
220914_A652_1.jpg,10,8,0.6471502780914307,0.5384615384615384,9,0.7925931811332703,0.5925925925925927
220914_A658_3.jpg,15,10,0.6621195077896118,0.4444444444444444,13,0.8328378200531006,0.8387096774193549
220914_A658_4.jpg,10,8,0.6936519145965576,0.6666666666666666,10,0.8138205409049988,0.9090909090909091
220915_A770_2.jpg,16,14,0.6684455275535583,0.823529411764706,14,0.872859001159668,0.8484848484848485
220915_A776_4.jpg,13,11,0.7177057266235352,0.6896551724137931,13,0.8712080717086792,0.9285714285714286
220921_B172_1.jpg,13,12,0.6409697532653809,0.7333333333333334,12,0.8792650699615479,0.6666666666666667
220921_B172_3.jpg,13,9,0.6731494069099426,0.47058823529411764,12,0.876270055770874,0.5263157894736842
230219_A001_4.jpg,9,8,0.6618682742118835,0.6086956521739131,8,0.8770450353622437,0.5833333333333334
230219_A002_1.jpg,8,5,0.6346224546432495,0.35294117647058826,6,0.8133544921875,0.5714285714285715
230219_A002_3.jpg,5,4,0.6661428809165955,0.5333333333333333,2,0.8177308440208435,0.5
230219_A003_2.jpg,10,8,0.6649993658065796,0.761904761904762,9,0.8014791011810303,0.8571428571428572
230219_A005_4.jpg,12,10,0.7543553709983826,0.7407407407407408,12,0.9171844124794006,0.888888888888889
230219_A006_1.jpg,11,9,0.6845796704292297,0.6666666666666666,9,0.8820672035217285,0.64
230219_A010_2.jpg,15,12,0.6522511839866638,0.7272727272727272,12,0.8251137137413025,0.8275862068965518
230219_A011_2.jpg,9,9,0.6723710894584656,0.6923076923076924,9,0.8273330330848694,0.782608695652174
230219_A014_2.jpg,10,9,0.6947029232978821,0.7200000000000001,10,0.8880441784858704,0.8695652173913044
230219_A014_3.jpg,10,8,0.7092742323875427,0.8421052631578948,9,0.8874309062957764,0.9473684210526316
230219_A015_4.jpg,12,11,0.6939178705215454,0.7096774193548387,11,0.8704935312271118,0.7586206896551724
230219_A016_1.jpg,11,7,0.6593651175498962,0.3448275862068966,9,0.7913282513618469,0.3846153846153846
230219_A016_3.jpg,16,12,0.6448628902435303,0.5555555555555556,13,0.83051997423172,0.75
230219_A017_2.jpg,7,2,0.6150220632553101,0.23529411764705882,4,0.714332103729248,0.42857142857142855
230219_A018_3.jpg,8,5,0.6078843474388123,0.25806451612903225,6,0.6818540096282959,0.6
230219_A019_4.jpg,10,8,0.6922719478607178,0.5714285714285713,9,0.8775388598442078,0.7826086956521738
230219_A022_2.jpg,14,12,0.6786630749702454,0.6875000000000001,14,0.8642750978469849,0.7272727272727273
230219_A027_1.jpg,12,7,0.6184872984886169,0.37499999999999994,6,0.7690262794494629,0.45454545454545453
230219_A028_4.jpg,8,7,0.7028277516365051,0.5714285714285714,8,0.8584911823272705,0.7368421052631579
230219_A029_2.jpg,10,10,0.7112507820129395,0.7142857142857143,9,0.7822545170783997,0.6363636363636365
230219_A029_3.jpg,7,6,0.7213366627693176,0.8571428571428571,7,0.8690325617790222,0.9333333333333333
230219_A031_3.jpg,12,10,0.6211466193199158,0.6153846153846153,10,0.7614434957504272,0.6153846153846153
230219_A031_4.jpg,14,10,0.6890776753425598,0.6451612903225806,12,0.7909510135650635,0.7999999999999999
230219_A032_1.jpg,11,11,0.6188669800758362,0.7692307692307692,10,0.8520423173904419,0.9090909090909091
230219_A033_2.jpg,12,10,0.6127055287361145,0.5294117647058824,12,0.8124300837516785,0.7333333333333334
230219_A034_3.jpg,17,11,0.7038004398345947,0.55,12,0.7676567435264587,0.6470588235294118
230219_A036_4.jpg,12,9,0.68426513671875,0.5,10,0.8452908396720886,0.6666666666666666
230219_A037_1.jpg,14,10,0.682543158531189,0.48484848484848486,12,0.8076257109642029,0.7857142857142857
230219_A037_2.jpg,13,12,0.6426464915275574,0.7499999999999999,11,0.8240228891372681,0.8461538461538461
230219_A038_3.jpg,13,10,0.6694449186325073,0.5999999999999999,12,0.7799098491668701,0.8571428571428571
230219_A040_1.jpg,8,8,0.6216346025466919,0.761904761904762,7,0.8082382082939148,0.7368421052631579
230219_A040_3.jpg,11,9,0.604171872138977,0.6,11,0.8183003067970276,0.8695652173913043
230219_A041_1.jpg,10,8,0.6522748470306396,0.6956521739130435,8,0.8210252523422241,0.631578947368421
230219_A045_4.jpg,12,12,0.7268708348274231,0.7857142857142857,11,0.864609956741333,0.8461538461538461
230219_A046_2.jpg,9,9,0.6836857199668884,0.6923076923076924,9,0.9052363634109497,0.7499999999999999
230219_A048_1.jpg,16,14,0.6625431776046753,0.6153846153846153,13,0.7974255084991455,0.75
230219_A048_2.jpg,16,14,0.7079188227653503,0.7647058823529411,15,0.8801279067993164,0.8108108108108109
230219_A049_4.jpg,15,11,0.6302973628044128,0.4090909090909091,10,0.8209023475646973,0.6666666666666665
230219_A054_4.jpg,11,10,0.6830865144729614,0.8333333333333333,11,0.8628179430961609,0.9565217391304348
230219_A055_1.jpg,13,12,0.6759529113769531,0.8148148148148148,11,0.8960530757904053,0.8799999999999999
230219_A056_3.jpg,14,14,0.656343936920166,0.6666666666666666,13,0.8403050899505615,0.4864864864864865
230219_A058_1.jpg,15,9,0.6765663027763367,0.4117647058823529,12,0.7771093845367432,0.689655172413793
230219_A058_3.jpg,10,7,0.6739401817321777,0.5454545454545454,8,0.8145749568939209,0.888888888888889
230219_A059_1.jpg,13,9,0.6836313605308533,0.46153846153846156,12,0.8964906334877014,0.6896551724137931
230219_A060_3.jpg,14,13,0.6834328770637512,0.7878787878787878,14,0.8657727837562561,0.9032258064516129
230219_A061_3.jpg,16,11,0.6763632893562317,0.48484848484848486,14,0.7796036601066589,0.6666666666666667
230219_A064_3.jpg,17,15,0.671562910079956,0.7,17,0.8591219782829285,0.7894736842105262
230219_A064_4.jpg,14,12,0.6528354287147522,0.7272727272727273,12,0.8554592132568359,0.75
230219_A066_1.jpg,8,6,0.6292869448661804,0.4761904761904762,7,0.8261364102363586,0.625
230219_A066_3.jpg,12,8,0.6701442003250122,0.5599999999999999,10,0.8479987978935242,0.9090909090909091
230219_A068_1.jpg,9,9,0.634211003780365,0.6666666666666667,8,0.8089559078216553,0.7000000000000001
230219_A068_2.jpg,11,6,0.7235897183418274,0.43478260869565216,10,0.7952495813369751,0.64
230219_A068_4.jpg,11,10,0.6761187314987183,0.64,10,0.7853493094444275,0.6153846153846153
230219_A070_1.jpg,11,9,0.674526572227478,0.5333333333333333,9,0.8380135297775269,0.64
230219_A070_4.jpg,9,7,0.655978262424469,0.5714285714285715,8,0.8385319709777832,0.7777777777777778
230219_A074_3.jpg,12,12,0.6599320769309998,0.923076923076923,12,0.8340690732002258,0.923076923076923
230219_A075_1.jpg,11,8,0.679070234298706,0.5,10,0.8031479120254517,0.8
230219_A075_2.jpg,17,7,0.6876610517501831,0.3111111111111111,8,0.752561092376709,0.5714285714285714
230219_A078_3.jpg,14,11,0.6684160828590393,0.5806451612903226,12,0.8406036496162415,0.7999999999999999
230219_A078_4.jpg,10,10,0.7145081758499146,1.0,10,0.8445528745651245,0.9523809523809523
230219_A079_2.jpg,8,8,0.6833122968673706,0.761904761904762,8,0.8561369776725769,0.9411764705882353
230219_A079_3.jpg,6,6,0.674239456653595,0.5,6,0.8763332366943359,0.625
230219_A081_4.jpg,13,13,0.7199004888534546,0.9285714285714286,12,0.8609879016876221,0.9600000000000001
230219_A082_3.jpg,10,8,0.730198323726654,0.64,10,0.8707068562507629,0.6956521739130435
230219_A082_4.jpg,10,10,0.7257252335548401,0.7826086956521738,10,0.8758312463760376,0.8181818181818182
230219_A084_4.jpg,10,9,0.704303503036499,0.9,9,0.851665198802948,0.9473684210526316
230219_A086_3.jpg,9,8,0.7147572636604309,0.64,9,0.9037666320800781,0.8181818181818181
230219_A088_3.jpg,9,4,0.6596109867095947,0.32,8,0.7183610200881958,0.7999999999999999
230219_A088_4.jpg,7,6,0.6926917433738708,0.4545454545454545,7,0.7923921346664429,0.5263157894736842
230219_A089_4.jpg,13,13,0.7294158935546875,0.8125000000000001,13,0.8528150916099548,0.8000000000000002
230219_A090_1.jpg,17,16,0.6437957286834717,0.9142857142857143,16,0.7529405951499939,0.9090909090909091
230219_A092_2.jpg,12,7,0.6804812550544739,0.48000000000000004,12,0.840194046497345,0.9600000000000001
230219_A093_2.jpg,23,11,0.6400597095489502,0.4583333333333333,16,0.7447925806045532,0.6521739130434783
230219_A093_3.jpg,14,10,0.6486453413963318,0.689655172413793,13,0.8249331116676331,0.8666666666666666
230219_A096_1.jpg,14,12,0.7105979323387146,0.6666666666666667,12,0.8285536170005798,0.7333333333333334
230219_A096_2.jpg,13,11,0.708038866519928,0.6666666666666667,12,0.8759913444519043,0.888888888888889
230219_A096_4.jpg,13,12,0.7076773047447205,0.8571428571428571,13,0.8596365451812744,0.8000000000000002
230219_A097_1.jpg,17,14,0.6595696806907654,0.5405405405405405,16,0.8266063928604126,0.7058823529411765
230219_A098_1.jpg,13,10,0.6662572622299194,0.8,11,0.865837037563324,0.8799999999999999
230219_A098_2.jpg,12,10,0.6363043785095215,0.5517241379310345,11,0.7991448044776917,0.7199999999999999
230219_A099_2.jpg,10,6,0.7063980102539062,0.4,8,0.7465161085128784,0.7
230219_A100_2.jpg,12,7,0.7067214846611023,0.34146341463414637,5,0.7613259553909302,0.5
230219_A100_4.jpg,8,5,0.6845167875289917,0.27586206896551724,5,0.8108813166618347,0.5555555555555556
230219_A101_2.jpg,8,6,0.6411120891571045,0.5714285714285714,7,0.8203357458114624,0.5882352941176471
230219_A101_3.jpg,10,9,0.7009972333908081,0.75,10,0.8728095293045044,0.9523809523809523
230219_A104_3.jpg,13,10,0.7049267888069153,0.5,12,0.8673052191734314,0.6666666666666667
230219_A105_3.jpg,19,16,0.6530570387840271,0.6382978723404255,16,0.8339009284973145,0.7
230219_A105_4.jpg,16,9,0.6258547306060791,0.4285714285714286,13,0.7038201093673706,0.8387096774193549
230219_A108_1.jpg,11,7,0.6427874565124512,0.4242424242424242,8,0.7117459774017334,0.7272727272727273
230219_A109_2.jpg,11,10,0.7024797201156616,0.5806451612903226,11,0.8842344880104065,0.7857142857142858
230219_A110_3.jpg,12,8,0.7268806099891663,0.5,8,0.8622349500656128,0.6363636363636365
230219_A112_1.jpg,8,6,0.6428248286247253,0.39999999999999997,5,0.7193537950515747,0.4761904761904762
230219_A112_2.jpg,9,2,0.6552417874336243,0.16666666666666669,4,0.7047819495201111,0.4
230219_A112_3.jpg,11,8,0.6230545043945312,0.4571428571428572,8,0.7776561975479126,0.7000000000000001
230219_A113_1.jpg,15,12,0.6453383564949036,0.7500000000000001,12,0.7643980979919434,0.7857142857142856
230219_A114_2.jpg,8,6,0.6379294395446777,0.5217391304347827,7,0.8230348825454712,0.7000000000000001
230219_A115_4.jpg,10,7,0.6532437205314636,0.5185185185185185,7,0.8467698097229004,0.56
230219_A116_2.jpg,11,11,0.6733105182647705,0.88,11,0.8712611794471741,1.0
230219_A119_1.jpg,19,9,0.6428278684616089,0.34782608695652173,8,0.7177338600158691,0.4666666666666667
230219_A120_2.jpg,11,4,0.5925462245941162,0.1176470588235294,5,0.7004622220993042,0.4705882352941177
230219_A121_1.jpg,8,5,0.6205174922943115,0.5882352941176471,8,0.8359554409980774,0.7777777777777777
230219_A124_1.jpg,9,8,0.6946523785591125,0.7999999999999999,9,0.8593776226043701,0.9
230219_A124_3.jpg,13,11,0.6552837491035461,0.6896551724137931,12,0.8408769965171814,0.7142857142857142
230219_A126_1.jpg,10,8,0.6446195840835571,0.7272727272727272,9,0.7994576692581177,0.8181818181818182
230219_A127_1.jpg,14,9,0.6446225643157959,0.6000000000000001,11,0.7026700377464294,0.7142857142857143
230219_A128_4.jpg,18,14,0.6817367672920227,0.6285714285714287,17,0.8425171375274658,0.9142857142857143
230219_A130_1.jpg,15,12,0.6517613530158997,0.625,11,0.8552101254463196,0.6206896551724138
230219_A132_2.jpg,15,11,0.6839366555213928,0.6285714285714286,14,0.7800804972648621,0.8235294117647058
230219_A132_4.jpg,15,11,0.6608675718307495,0.606060606060606,13,0.8186544179916382,0.8387096774193549
230219_A133_4.jpg,14,10,0.7002981901168823,0.5161290322580646,11,0.8169662356376648,0.7142857142857143
230219_A134_1.jpg,14,13,0.6388336420059204,0.8666666666666666,12,0.8709812164306641,0.888888888888889
230219_A135_2.jpg,12,9,0.6530876159667969,0.5517241379310345,12,0.7982387542724609,0.7142857142857143
230219_A135_3.jpg,17,13,0.6575905084609985,0.7647058823529412,17,0.84299236536026,0.9444444444444444
230219_A135_4.jpg,13,10,0.6732662320137024,0.5999999999999999,10,0.8211143612861633,0.6428571428571429
230219_A136_2.jpg,12,10,0.6334061622619629,0.4827586206896552,8,0.7931792736053467,0.6956521739130435
230219_A136_4.jpg,13,11,0.6311259269714355,0.8148148148148148,10,0.746096670627594,0.64
230219_A137_4.jpg,13,11,0.7016435861587524,0.7586206896551724,12,0.9052518010139465,0.8571428571428571
230219_A138_1.jpg,17,11,0.6530015468597412,0.5,13,0.8056598901748657,0.7333333333333334
230219_A140_3.jpg,11,8,0.7060137987136841,0.6363636363636364,9,0.7895844578742981,0.7272727272727273
230219_A141_3.jpg,10,8,0.6304361820220947,0.5925925925925927,9,0.7905644178390503,0.75
230219_A145_1.jpg,13,10,0.6574031114578247,0.5806451612903226,9,0.7294102907180786,0.64
230219_A145_3.jpg,14,11,0.655113935470581,0.5405405405405405,13,0.7954158782958984,0.6857142857142857
230219_A146_1.jpg,12,10,0.6446586847305298,0.6896551724137931,11,0.7789191603660583,0.8799999999999999
230219_A146_3.jpg,13,11,0.6292550563812256,0.625,11,0.8358054757118225,0.5806451612903226
230219_A147_1.jpg,21,7,0.6935791373252869,0.24489795918367344,13,0.7658578157424927,0.5106382978723405
230219_A147_2.jpg,20,12,0.6455572247505188,0.47826086956521735,14,0.7666363716125488,0.6842105263157895
230219_A148_2.jpg,7,4,0.7048841714859009,0.4,4,0.8349649906158447,0.6153846153846153
230219_A149_1.jpg,9,6,0.6897162795066833,0.5217391304347826,8,0.7620849013328552,0.8888888888888888
230219_A149_4.jpg,9,7,0.6271352767944336,0.43478260869565216,7,0.8167482018470764,0.631578947368421
230219_A151_1.jpg,13,8,0.672608494758606,0.5517241379310345,12,0.805003821849823,0.8571428571428571
230219_A151_3.jpg,13,11,0.6454797983169556,0.7857142857142856,13,0.8344805240631104,0.8387096774193548
230219_A154_2.jpg,9,7,0.6642818450927734,0.5714285714285715,8,0.8822038173675537,0.6666666666666666
230219_A155_2.jpg,15,13,0.6781660318374634,0.7428571428571429,15,0.8667997121810913,0.8235294117647058
230219_A155_3.jpg,15,12,0.640152096748352,0.7272727272727272,15,0.8573931455612183,0.9090909090909091
230219_A156_2.jpg,10,7,0.6411617398262024,0.48275862068965514,10,0.8130815625190735,0.8333333333333333
230219_A159_2.jpg,11,5,0.6991098523139954,0.3703703703703703,10,0.8154271841049194,0.7692307692307692
230219_A160_2.jpg,17,11,0.6585134863853455,0.5789473684210527,9,0.7715027332305908,0.6666666666666667
230219_A161_3.jpg,12,6,0.6917986869812012,0.3125,9,0.7481986284255981,0.5599999999999999
230219_A161_4.jpg,13,9,0.6807459592819214,0.5806451612903226,11,0.7788911461830139,0.8799999999999999
230219_A162_3.jpg,10,7,0.6468662619590759,0.358974358974359,9,0.7965893149375916,0.5384615384615384
230219_A166_2.jpg,11,9,0.6629372835159302,0.6206896551724137,9,0.8248357772827148,0.64
230219_A167_3.jpg,12,9,0.6222721934318542,0.5599999999999999,12,0.8396944403648376,0.8461538461538461
230219_A171_1.jpg,8,4,0.6527490615844727,0.3333333333333333,3,0.7793763279914856,0.375
230219_A174_2.jpg,16,9,0.6694954633712769,0.42424242424242425,12,0.8524484634399414,0.5454545454545455
230219_A174_4.jpg,12,10,0.6849976181983948,0.5714285714285715,12,0.8930588364601135,0.923076923076923
230219_A175_4.jpg,15,8,0.6618857383728027,0.45161290322580644,11,0.7819469571113586,0.6428571428571429
230219_A176_1.jpg,10,9,0.6037694215774536,0.48,9,0.7989625334739685,0.6153846153846154
230219_A178_1.jpg,11,9,0.6339479088783264,0.5185185185185185,11,0.8127672076225281,0.9565217391304348
230219_A180_4.jpg,11,11,0.6709499955177307,0.7857142857142858,11,0.7988237142562866,0.846153846153846
230219_A183_2.jpg,14,13,0.7110777497291565,0.7027027027027025,14,0.8338001370429993,0.8235294117647058
230219_A188_4.jpg,10,8,0.6979342103004456,0.8421052631578948,9,0.8385263085365295,0.761904761904762
230219_A189_2.jpg,9,9,0.6896229386329651,0.9473684210526316,9,0.801464319229126,0.9
230219_A189_4.jpg,13,10,0.6921005249023438,0.6923076923076923,11,0.8575363159179688,0.8799999999999999
230219_A191_4.jpg,10,6,0.6182758212089539,0.6666666666666665,10,0.8616538047790527,0.9523809523809523
230219_A194_1.jpg,10,10,0.7020126581192017,0.6451612903225806,10,0.8492676615715027,0.7826086956521738
230219_A194_4.jpg,12,12,0.6885728240013123,0.6666666666666666,12,0.8900814056396484,0.7857142857142857
230219_A196_3.jpg,8,8,0.7080560922622681,0.45454545454545453,8,0.8059030771255493,0.5263157894736842
230219_A197_2.jpg,6,4,0.6559126377105713,0.3529411764705882,6,0.7309735417366028,0.6153846153846153
230219_A197_3.jpg,6,6,0.738124430179596,0.8,6,0.8948893547058105,0.7692307692307692
230219_A197_4.jpg,8,8,0.7421699166297913,0.75,8,0.915736734867096,0.75
230219_A199_1.jpg,9,9,0.6810483336448669,0.761904761904762,9,0.8979003429412842,0.8421052631578948
230219_A199_2.jpg,12,9,0.7277519702911377,0.6428571428571429,10,0.8707728385925293,0.8
230219_A200_1.jpg,12,10,0.6926332712173462,0.6451612903225806,9,0.7735105156898499,0.3448275862068966
